/*
MySQL Data Transfer
Source Host: localhost
Source Database: argorse
Target Host: localhost
Target Database: argorse
Date: 2010-11-8 14:00:10
*/

SET FOREIGN_KEY_CHECKS=0;
-- ----------------------------
-- Table structure for admin
-- ----------------------------
DROP TABLE IF EXISTS `admin`;
CREATE TABLE `admin` (
  `id` int(11) NOT NULL,
  `admin_name` varchar(45) NOT NULL,
  `admin_password` varchar(45) NOT NULL,
  PRIMARY KEY  (`id`),
  KEY `hjhh` (`admin_name`),
  KEY `dfdsf` (`admin_password`)
) ENGINE=InnoDB DEFAULT CHARSET=utf8;

-- ----------------------------
-- Table structure for article
-- ----------------------------
DROP TABLE IF EXISTS `article`;
CREATE TABLE `article` (
  `id` varchar(36) NOT NULL default '',
  `title` varchar(50) default NULL,
  `content` text,
  `menuid` varchar(36) default NULL,
  `createtime` datetime default NULL,
  `updatetime` datetime default NULL,
  `img_path` varchar(100) default NULL,
  PRIMARY KEY  (`id`),
  KEY `menuid` (`menuid`)
) ENGINE=InnoDB DEFAULT CHARSET=utf8;

-- ----------------------------
-- Table structure for customer
-- ----------------------------
DROP TABLE IF EXISTS `customer`;
CREATE TABLE `customer` (
  `id` varchar(36) NOT NULL default '',
  `cname` varchar(50) default NULL,
  `content` text,
  `address` varchar(100) default NULL,
  `tel` varchar(20) default NULL,
  PRIMARY KEY  (`id`)
) ENGINE=InnoDB DEFAULT CHARSET=utf8;

-- ----------------------------
-- Table structure for menu
-- ----------------------------
DROP TABLE IF EXISTS `menu`;
CREATE TABLE `menu` (
  `id` varchar(36) NOT NULL default '',
  `name` varchar(50) default NULL,
  `pid` varchar(36) default NULL,
  `level` int(11) default NULL,
  `orderby` varchar(11) default NULL,
  `isleaf` int(11) default NULL,
  PRIMARY KEY  (`id`),
  KEY `id` (`id`)
) ENGINE=InnoDB DEFAULT CHARSET=utf8;

-- ----------------------------
-- Table structure for news
-- ----------------------------
DROP TABLE IF EXISTS `news`;
CREATE TABLE `news` (
  `id` varchar(36) NOT NULL,
  `title` varchar(255) NOT NULL,
  `content` text NOT NULL,
  `createtime` datetime NOT NULL,
  `updatetime` datetime default NULL,
  `img_path` varchar(30) default NULL,
  PRIMARY KEY  (`id`)
) ENGINE=InnoDB DEFAULT CHARSET=utf8;

-- ----------------------------
-- Table structure for product
-- ----------------------------
DROP TABLE IF EXISTS `product`;
CREATE TABLE `product` (
  `id` varchar(36) NOT NULL,
  `title` varchar(100) default NULL,
  `content` text,
  `createtime` datetime default NULL,
  `updatetime` datetime default NULL,
  `path` varchar(50) default NULL,
  PRIMARY KEY  (`id`)
) ENGINE=InnoDB DEFAULT CHARSET=utf8;

-- ----------------------------
-- Records 
-- ----------------------------
INSERT INTO `admin` VALUES ('123', 'admin', 'admin');
INSERT INTO `article` VALUES ('1d7cbc99-2181-4e09-b3ca-0ed347a3979f', '移动信贷审批解决方案', '<table class=\"table\" align=\"left\">\r\n    <tbody>\r\n        <tr>\r\n            <th class=\"th\" colspan=\"2\">移动信贷审批解决方案</th>\r\n        </tr>\r\n        <tr>\r\n            <td align=\"left\">\r\n            <p>&nbsp;&nbsp;&nbsp;&nbsp;&nbsp;&nbsp;&nbsp;随着中国银行业整体服务质量的提升和银监会对加强贷款资金管理的要求，如何加快贷款审批流程和加强贷款监控能力成为了银行业急需解决的问题。而手机的便捷性和亚格斯公司的手机安全技术，使移动信贷审批成为了银行提高服务质量，加强贷款监控能力的有力助手。</p>\r\n            </td>\r\n        </tr>\r\n        <tr>\r\n            <td class=\"td\" align=\"left\">解决方案概要</td>\r\n        </tr>\r\n        <tr>\r\n            <td class=\"td\" align=\"left\">行业现状：</td>\r\n        </tr>\r\n        <tr>\r\n            <td align=\"left\">&nbsp;&nbsp;&nbsp;&nbsp;&nbsp;&nbsp;&nbsp;银监会在监管中发现，目前商业银行信贷业务管理中普遍存在以下问题：<br />\r\n            <ol>\r\n                <li>目前我国商业银行信贷管理模式相对粗放。商业银行的贷款管理流程不够科学、细致，从贷款调查到贷后管理的整个贷款过程中缺乏环环相扣的有机的精细化的管理理念。贷款流程中贷款发放与支付管理环节最为薄弱；贷后管理中贷款发放后对借款人的持续监控意愿不强，监控能力和手段有限，往往不能在借款人和贷款项目的经营出现不利因素时及时采取适当措施，适度介入贷款项目的经营，维护贷款安全。</li>\r\n                <li>贷款被挪用现象普遍。由于目前粗放的贷款管理模式，尤其是贷款支付环节的薄弱以及信贷文化的不健全，我国商业银行难以对约定的贷款用途进行风险监控，导致贷款难以收回，增加贷款人的信用风险，甚至信贷资金被普遍挪用，违规进入股市、房市。信用风险在信贷市场、资本市场、房地产等市场之间的跨市场传递更为隐蔽，给银行体系带来带来系统性风险。</li>\r\n                <li>虚假交易骗贷案件频发。由于当前我国社会诚信状况不佳，市场交易制度和交易行为约束不够规范，往往诱发虚假交易，甚至无交易划转套取银行贷款的案件频频发生。</li>\r\n            </ol>\r\n            </td>\r\n        </tr>\r\n        <tr>\r\n            <td class=\"td\" align=\"left\">解决问题：</td>\r\n        </tr>\r\n        <tr>\r\n            <td align=\"left\">\r\n            <ol>\r\n                <li>贷款审批流程中的各位银行工作人员可以通过手机逐级获得审批授权通知，并完成审批工作。通过此方式，可实现移动办公，提高工作效率。</li>\r\n                <li>解决贷款使用过程中，银行对贷款的监控能力和手段有限的情况。用户任何贷款款项的使用均需银行授权审批。</li>\r\n            </ol>\r\n            </td>\r\n        </tr>\r\n        <tr>\r\n            <td class=\"td\" align=\"left\">收益：</td>\r\n        </tr>\r\n        <tr>\r\n            <td align=\"left\">\r\n            <ol>\r\n                <li>提高银行贷款审批效率，提升银行贷款业务服务质量，实现移动化办公；提供了优良的监控手段，维护了贷款安全，进一步的规避了银行系统性风险；能够有效减少骗贷案件的发生，减少银行的资金损失。</li>\r\n            </ol>\r\n            </td>\r\n        </tr>\r\n        <tr>\r\n            <td class=\"td\" align=\"left\">商业价值：</td>\r\n        </tr>\r\n        <tr>\r\n            <td align=\"left\">&nbsp;&nbsp;&nbsp;&nbsp;&nbsp;&nbsp;&nbsp; 通过移动贷款审批解决方案的实施，真正保护好存款人和消费者的利益，营造借贷双方良好的信用环境。与其他贷款审批机制相比，移动贷款审批解决方案有如下特点：<br />\r\n            <ol>\r\n                <li>安全性高<br />\r\n                移动贷款审批解决方案通过高级别的手机安全解决方案，黑客无法模拟审批授权，从而保证每一个审批环节的真实有效。</li>\r\n                <li>使用便捷<br />\r\n                即使贷款审批人员出差办公，也可以通过手机进行贷款审批，而且当上一级审批通过后，系统会自动触发下一级审批人员审批授权。同时，任何贷出款项的使用都会触发贷款审批系统，通知银行工作人员对贷款流向的监控，保护款项的安全。</li>\r\n                <li>支持平台广泛<br />\r\n                移动贷款审批解决方案的手机客户端支持多种手机平台，J2ME，Windows Mobile、Brew、Android均可平稳运行。</li>\r\n            </ol>\r\n            </td>\r\n        </tr>\r\n    </tbody>\r\n</table>', '759c4202-d393-4d3e-b911-148219ab94a7', '2010-10-29 17:20:40', '2010-11-03 14:16:25', null);
INSERT INTO `article` VALUES ('3a653c3d-e8cb-4eeb-8a93-dcfa1ba344c4', '公司简介', '<p class=\"p0\" style=\"margin-top: 0pt; margin-bottom: 0pt; text-indent: 28pt\">北京亚格斯科技发展有限公司是由北美归国的创业团队建立的高新技术企业，成立于2006年11月，注册地点：北京市中关村软件园2A-2311，注册资本1080万元，公司规模20人。<o:p></o:p></p>\r\n<p>亚格斯专注于手机增值业务安全性和便捷性的研发，拥有多项独立自主知识产权的核心技术，解决了多个行业性难题。<o:p></o:p></p>\r\n<p>公司愿景：信息技术创新专家。<o:p></o:p></p>\r\n<p>核心价值观：在亚格斯，我们崇尚专业进取，勇于冒险，锲而不舍的核心价值观。<span style=\"font-size: 14pt; font-family: \'宋体\'; mso-spacerun: \'yes\'\"><o:p></o:p></span></p><!--EndFragment-->', 'f1513a8a-b968-4e6c-a8f7-7f330c04d245', '2010-11-03 14:57:48', '2010-11-03 18:47:47', 'jianjie.jpg');
INSERT INTO `article` VALUES ('5a3235be-b696-41c2-a6cd-d9da67a42718', '创业团队介绍', '<p class=\"p0\" style=\"margin-top: 0pt; margin-bottom: 0pt; text-indent: 28pt\">王世勇：总裁，亚格斯公司创始人，南京理工大学硕士，8年北美银行工作经验，专长于公司战略和产品创新、有多年公司运营和管理经验。<o:p></o:p></p>\r\n<p>刘浩然：执行董事，拥有十分丰富的市场资源，曾经成功创办2家公司，专长于业务拓展。<o:p></o:p></p>\r\n<p>阎蕾：副总裁，多年IT行业营销和管理经验，曾先后就任国内多家著名IT公司高级管理职位。熟知移动增值服务产业链体系，专长于市场和销售。<o:p></o:p></p>\r\n<p>郑宇华：技术总监，南京大学博士，多伦多大学博士后，曾先后工作于University&nbsp;of&nbsp;Toronto，IBM&nbsp;Canada，AT&amp;T&nbsp;Canada和&nbsp;Bank&nbsp;of&nbsp;Nova&nbsp;Scotia，精通算法创新，擅长产品研发。<span style=\"font-size: 14pt; font-family: \'宋体\'; mso-spacerun: \'yes\'\"><o:p></o:p></span></p><!--EndFragment-->', 'f1513a8a-b968-4e6c-a8f7-7f540c04d555', '2010-11-03 14:58:52', '2010-11-03 19:09:43', 'gs2.jpg');
INSERT INTO `article` VALUES ('956f6cc7-d0e3-4c17-8644-d4a34rt55eb3', '诚聘英才', '<table height=\"116\" width=\"710\" align=\"left\" bgcolor=\"#ffffff\" border=\"0\">\r\n    <tbody>\r\n        <tr>\r\n            <td class=\"text5\" valign=\"top\" align=\"left\">&nbsp;</td>\r\n        </tr>\r\n        <tr>\r\n            <td valign=\"top\" align=\"left\">\r\n            <p class=\"text3\">J2ME开发工程师 <br />\r\n            工作内容：<br />\r\n            1、根据需求完成J2ME程序开发；<br />\r\n            2、在不同的厂商SDK上完成单元测试；<br />\r\n            3、配合server端工程师完成集成测试；<br />\r\n            4、紧跟领域内的规范更新及变化，保证软件的适用性；<br />\r\n            5、完成上级主管交付的其他工作；<br />\r\n            职位要求:<br />\r\n            1. 熟练掌握java知识；<br />\r\n            2. 熟悉各种J2ME的开发框架，精通J2ME、不同终端的手机性能；<br />\r\n            3. 熟悉各种手机SDK；<br />\r\n            4. 精通低级界面GUI编程；<br />\r\n            5. 有良好的编程习惯，熟悉Eclipse或JBuilder开发工具；<br />\r\n            6. 对于界面设计及美工有一定的知识；<br />\r\n            能力要求:<br />\r\n            1. 具有较强的学习能力，工作认真且有激情<br />\r\n            2. 具有较强的沟通能力协调能力，具有团队合作精神<br />\r\n            3. 具有较好的判断问题和解决问题能力<br />\r\n            4. 具有良好的英语能力<br />\r\n            其他要求:<br />\r\n            计算机或相关专业，本科及以上学历。有一年以上J2me开发（应用开发），</p>\r\n            <p class=\"text3\">对于通讯层及相关协议熟悉者优先。<br />\r\n            &nbsp;</p>\r\n            <p class=\"text3\">JAVA BackendDeveloper软件工程师<br />\r\n            工作内容：<br />\r\n            1、 根据需求完成J2EE系统中后台部分的开发；<br />\r\n            2、 系统单元测试；<br />\r\n            3、 与WEB开发人员良好沟通完成集成测试；<br />\r\n            4、 数据库维护；<br />\r\n            5、 系统测试环境以及生产环境的搭建；<br />\r\n            6、 认真做好工作日志及项目文档；<br />\r\n            7、 完成上级主管交付的其他工作；<br />\r\n            职位要求:<br />\r\n            1. 熟练掌握java知识；<br />\r\n            2. 熟练掌握HTTP 协议；<br />\r\n            3. 精通EJB；<br />\r\n            4. 精通WebService；<br />\r\n            5. 精通J2EE的开发体系；<br />\r\n            6. 熟悉各种J2EE开发框架；<br />\r\n            7. 精通各种j2ee应用服务器软件,Tomcat，Resin，Jboss,WebSphere；<br />\r\n            8. 精通AJAX 技术；<br />\r\n            9. 熟悉数据库 Oracle，SQLServer，DB2，Mysql;<br />\r\n            10. 精通数据库开发 PLSQL；<br />\r\n            11. 精通Linux 环境搭建；<br />\r\n            12. 有良好的编程习惯，熟悉Eclipse或RAD开发工具；<br />\r\n            能力要求:<br />\r\n            1. 具有较强的学习能力，工作认真且有激情<br />\r\n            2. 具有较强的沟通能力协调能力，具有团队合作精神<br />\r\n            3. 具有较好的判断问题和解决问题能力<br />\r\n            4. 具有良好的英语能力<br />\r\n            其他要求:<br />\r\n            计算机或相关专业，本科及以上学历。有两年以上J2EE开发，对于Linux及IBM产品熟悉者优先。<br />\r\n            &nbsp;</p>\r\n            <p class=\"text3\">美工<br />\r\n            工作内容：<br />\r\n            1、 设计并制作企业产品宣传；<br />\r\n            2、 设计web页面的风格设计；<br />\r\n            3、 设计手机界面风格；<br />\r\n            4、 与开发人员有良好的沟通完成web页面设计；<br />\r\n            5、 认真做好工作日志及项目文档；<br />\r\n            6、 完成上级主管交付的其他工作；<br />\r\n            职位要求:<br />\r\n            1. 精通PHOTOSHOP、DREAMWEAVER、FLASH，illustrator等软件；<br />\r\n            2. 熟悉HTML、CSS等简单程序语言；<br />\r\n            3. 熟悉DIV+CSS的设计模式<br />\r\n            4. 网页设计基础知识；<br />\r\n            能力要求:<br />\r\n            1. 具有较强的美术基础<br />\r\n            2. 具有较强的创意表达能力<br />\r\n            3. 具有较强的web设计表现力<br />\r\n            4. 具有较强的执行力<br />\r\n            5. 具有较强的沟通能力协调能力，具有团队合作精神<br />\r\n            6. 具有较好的判断问题和解决问题能力<br />\r\n            &nbsp;</p>\r\n            <p class=\"text3\">如果你想加入我们的团队,请用以下方式联系我们!<br />\r\n            邮编：100193<br />\r\n            电话：+86-10-82826462<br />\r\n            传真：+86-10-82826461<br />\r\n            邮箱： <a href=\"mailto://ypi@argorse.com.cn\"><font color=\"#0000ff\">ypi@argorse.com.cn</font></a><br />\r\n            地址：北京市海淀区东北旺西路8号中关村软件园2号B座2160室<br />\r\n            &nbsp;</p>\r\n            </td>\r\n        </tr>\r\n    </tbody>\r\n</table>', '956f6cc7-d0e3-4c17-8644-d4a5rt375eb3', '2010-11-03 11:45:28', '2010-11-05 16:21:07', null);
INSERT INTO `article` VALUES ('980e1bb4-3b5c-4f3c-b3dc-640f8c34d7aa', '方案2', '<p>方案2内容</p>', '795e8be9-cef1-40d1-b4f3-7ecbb7579aa0', '2010-11-04 10:27:32', '2010-11-04 10:27:32', null);
INSERT INTO `article` VALUES ('9ee804aa-64e6-498f-bbe3-299132a5b619', '河北银行网上交易系统', '<p>&nbsp;&nbsp;&nbsp;&nbsp;&nbsp;&nbsp; 该系统是是代理商大发牢骚的福建省劳动局覅说的收到了健康和三闾大夫阿斯顿福建省的浪费就累死偶降落伞低价房圣诞节了塑料袋和思考了地方烧豆腐洛杉矶的和第四老骥伏枥dsl卡积分发烧的路口附近华盛顿福建省df</p>\r\n<p>睡觉得了覅手机 了发烧的房间收到了富家大室 飞家里蹲开发及库存vkjdfiglcjk</p>\r\n<p>多舒服烧豆腐肌肤让肌肤dsl见高手的那个vjdiegryud辅导书附件dsl过节费连锁店附近</p>\r\n<p><a target=\"_blank\" rel=\"nofollow\" href=\"http://www.sccb.com.cn/\">河北银行</a></p>\r\n<p>&nbsp;</p>', '70f0cdf9-afad-48fe-8171-50522d0bb78a', '2010-11-04 18:35:54', '2010-11-05 10:44:23', null);
INSERT INTO `article` VALUES ('a9dd336d-b02e-46e9-9eb2-fc25d5045366', '公司LOGO', '<div class=\"Section0\" style=\"layout-grid:  15.6pt none\">\r\n<p class=\"p0\" style=\"margin-top: 0pt; margin-bottom: 0pt; text-indent: 28pt\">亚格斯（Argorse）的含义<o:p></o:p></p>\r\n<p>Argorse一词来源于古希腊神话，Argo是伊阿宋Jason与众勇士寻找金羊毛所乘坐的南船，象征团结和力量。<o:p></o:p></p>\r\n<p class=\"p0\" style=\"margin-top: 0pt; margin-bottom: 0pt; text-indent: 42pt\">&nbsp;</p></div><!--EndFragment-->', 'f1513a8a-b968-4e6c-a8f7-7f540c04d548', '2010-11-03 14:58:19', '2010-11-04 11:26:59', 'logo1.jpg');
INSERT INTO `article` VALUES ('bdb93997-652f-4502-9c9b-3b6e9847f10a', '住房公积金手机服务系统解决方案', '<table class=\"table\" align=\"left\">\r\n    <tbody>\r\n        <tr>\r\n            <th class=\"th\" colspan=\"2\">住房公积金手机服务系统解决方案</th>\r\n        </tr>\r\n        <tr>\r\n            <td align=\"left\">\r\n            <p>&nbsp;&nbsp;&nbsp;&nbsp;&nbsp;&nbsp;&nbsp;住房公积金作为国家为人民住房提供的福利保障，成为了人们日常生活中关注的焦点。而如何使人们方便快捷的获得个人住房公积金信息，使企业快速办理住房公积金业务，是政府提升服务质量、加快电子政务发展的一个努力方向。而随着移动通讯技术的不断进步和发展，手机作为人们日常生活中不可或却的一部分，成为了一种新的服务渠道。通过手机查询公积金信息和办理公积金业务成为了政府提高服务质量的新方式。</p>\r\n            </td>\r\n        </tr>\r\n        <tr>\r\n            <td class=\"td\" align=\"left\">解决方案概要</td>\r\n        </tr>\r\n        <tr>\r\n            <td class=\"td\" align=\"left\">行业现状：</td>\r\n        </tr>\r\n        <tr>\r\n            <td align=\"left\">&nbsp;&nbsp;&nbsp;&nbsp;&nbsp;&nbsp;&nbsp;目前，企业职工的住房公积金一般由企业代扣代缴，这里可能存在以下两个问题：<br />\r\n            <ol>\r\n                <li>企业每月从职工工资中扣除公积金，但是并没有足额上缴到住房公积金管理中心，或者没有及时上缴，造成职工利益损失。</li>\r\n                <li>住房公积金管理中心面向全市各区及郊县单位和职工推出了电话、网站、网点三种查询住房公积金的方法。但这些方法存在查询人必须在特定的业务经办网点、或通过电话人工转接的方式才能获得查询信息的弊端。职工查询公积金账户信息的渠道有限，并且使用不方便，很多职工甚至不知道如何查询自己的公积金缴纳情况，有可能造成漏缴和少缴等情况。</li>\r\n            </ol>\r\n            </td>\r\n        </tr>\r\n        <tr>\r\n            <td align=\"left\">&nbsp;&nbsp;&nbsp;&nbsp;&nbsp;&nbsp;&nbsp;同时，企业工作人员和住房公积金管理中心的工作人员也面临着如下问题：<br />\r\n            <ol>\r\n                <li>由于住房公积金业务的复杂性，企业工作人员和管理中心工作人员工作繁忙，工作效率提升缓慢。</li>\r\n                <li>企业和住房公积金管理中心运营成本高。</li>\r\n                <li>政府部门的电子政务发展缓慢，遇到了 &ldquo;重开发，轻应用；重硬件，轻软件；重管理，轻服务&rdquo;的现象。</li>\r\n            </ol>\r\n            </td>\r\n        </tr>\r\n        <tr>\r\n            <td class=\"td\" align=\"left\">解决问题：</td>\r\n        </tr>\r\n        <tr>\r\n            <td align=\"left\">&nbsp;&nbsp;&nbsp;&nbsp;&nbsp;&nbsp;&nbsp;住房公积金手机服务系统解决方案从三方面解决了住房公积金目前面临的问题：<br />\r\n            <ol>\r\n                <li>广大职工:保障了职工的合法权益、职工获得信息渠道丰富、住房公积金信息透明化、信息获得实时性高</li>\r\n                <li>企业：减轻业务人员负担、降低业务办理成本、保证企业信息的安全、实现移动办公</li>\r\n                <li>住房公积金管理中心：全面实现电子政务、提升服务质量、减少中心工作人员压力、降低中心运行成本</li>\r\n            </ol>\r\n            </td>\r\n        </tr>\r\n        <tr>\r\n            <td class=\"td\" align=\"left\">社会效益：</td>\r\n        </tr>\r\n        <tr>\r\n            <td align=\"left\">&nbsp;&nbsp;&nbsp;&nbsp;&nbsp;&nbsp;&nbsp;与现有的住房公积金短信通知系统或者手机查询系统相比，我们的住房公积金手机服务系统有如下特点：<br />\r\n            <ol>\r\n                <li>安全性高<br />\r\n                住房公积金手机服务系统采用了数字证书和数字签名技术，通过数字证书绑定手机号、手机和授权密码，不仅可以有效的防止木马和黑客攻击，还可以保证手机丢失后，职工和企业的公积金信息安全。</li>\r\n                <li>使用便捷<br />\r\n                职工及时获得公积金通知短信后，可以通过短信内置链接登录公积金查询系统，获得更为丰富的个人公积金账户信息和相关政策。同时，企业用户在公积金管理系统中提交表单后，可以通过手机为提交业务表单加数字签名，&lsquo;一键&rsquo;式操作迅速完成数字签名过程。</li>\r\n                <li>个性化设计<br />\r\n                为了满足职工和企业对住房公积金业务的不同需求和用户特点，亚格斯精心设计了住房公积金手机服务系统职工版和企业版。职工版无需安装客户端即可满足广大职工对公积金信息的查询服务；而企业版安装客户端后不仅可以完成登录授权服务，还可以对所有业务进行数字签名，实现电子化办公。</li>\r\n            </ol>\r\n            </td>\r\n        </tr>\r\n    </tbody>\r\n</table>', '763b7253-ebec-4759-a708-dd1052de14c7', '2010-10-29 17:19:56', '2010-11-03 18:58:21', 'gd.png');
INSERT INTO `article` VALUES ('be06f3f3-25b1-43f8-a66d-044fc7a474da', '高管团队分工', '<div class=\"entry-content\" sizcache=\"6\" sizset=\"0\">\r\n<p>王世勇：负责全面工作，主要包括公司战略、执行、团队建设和融资等。<o:p></o:p></p>\r\n<p>阎蕾：负责市场与销售，包括制订市场与销售战略、确立市场与销售目标、建立与管理市场与销售团队等。<o:p></o:p></p>\r\n<p>安继超：负责与运营商的合作。<o:p></o:p></p>\r\n<p>李礼/刘浩然：负责业务拓展和销售合作伙伴关系的建立与管理。<o:p></o:p></p>\r\n<p>郑宇华：负责公司技术方向，技术平台研发和技术攻关等。<o:p></o:p></p>\r\n<p sizcache=\"6\" sizset=\"0\">张军：负责渠道的建立与管理。<span style=\"font-size: 14pt; font-family: \'宋体\'; mso-spacerun: \'yes\'\"><o:p></o:p></span></p>\r\n<p>&nbsp;</p>\r\n<p>&nbsp;</p>\r\n</div>', 'f1513a8a-b968-4e6c-a8f7-7f540er45555', '2010-11-03 14:59:39', '2010-11-04 11:38:42', 'gaoguan.jpg');
INSERT INTO `article` VALUES ('cc48b5ba-af2e-4c2b-a92c-c3465c96054e', '公司资质', '<p><input type=\"image\" height=\"400\" width=\"250\" src=\"/argorse/userfiles/image/xp/5.jpg\" longdesc=\"undefined\" /></p>\r\n<p><input type=\"image\" height=\"259\" width=\"356\" src=\"/argorse/userfiles/image/xp/6.jpg\" /></p>\r\n<p><input type=\"image\" height=\"262\" width=\"359\" src=\"/argorse/userfiles/image/xp/7.jpg\" /></p>\r\n<p><input type=\"image\" height=\"200\" width=\"275\" src=\"/argorse/userfiles/image/xp/8.jpg\" longdesc=\"undefined\" /></p>\r\n<p><input type=\"image\" height=\"226\" width=\"300\" src=\"/argorse/userfiles/image/xp/9.jpg\" longdesc=\"undefined\" /></p>', 'f1513a8a-b968-4e6c-a3r7-7f540c04fe55', '2010-11-05 09:43:49', '2010-11-05 10:16:20', null);
INSERT INTO `article` VALUES ('d3b540c8-35be-448a-83d6-fe47431c1e6f', '合作伙伴', '<p><a target=\"_blank\" rel=\"nofollow\" href=\"http://www.sina.com\"><input type=\"image\" height=\"189\" width=\"300\" src=\"/argorse/userfiles/image/xp/zgyd.jpg\" longdesc=\"undefined\" /></a></p>\r\n<p><input type=\"image\" height=\"111\" width=\"300\" src=\"/argorse/userfiles/image/xp/zgdx.jpg\" longdesc=\"undefined\" /></p>\r\n<p><input type=\"image\" height=\"77\" width=\"300\" src=\"/argorse/userfiles/image/xp/ldys.jpg\" longdesc=\"undefined\" /></p>\r\n<p><input type=\"image\" height=\"94\" width=\"300\" src=\"/argorse/userfiles/image/xp/zgjr.jpg\" longdesc=\"undefined\" /></p>', '821119d7-9cb4-48d6-9823-58f8db1fcf98', '2010-11-05 10:22:29', '2010-11-05 10:30:13', null);
INSERT INTO `article` VALUES ('eb9566ce-72a9-43d5-964a-91ff9cce62a4', '方案1', '<p>方案1内容</p>', '795e8be9-cef1-40d1-b4f3-7ecbb7579aa0', '2010-11-04 10:27:14', '2010-11-04 10:27:14', null);
INSERT INTO `customer` VALUES ('5dc05a6b-f7cf-4c79-85c1-055243a41eaa', '百度', '<p>www.baidu.com</p>', '北京', '89474');
INSERT INTO `customer` VALUES ('b513eb9e-72cb-42f5-840f-26697a5056cd', '中国移动', '<p>www.10086.cn</p>', '北京', '10086');
INSERT INTO `customer` VALUES ('e09f115e-a7db-4cd6-9af5-d4ac1bdb095d', '中国联通', '<p>www.10010.com</p>', '北京', '12345');
INSERT INTO `menu` VALUES ('308be74f-a418-4ea4-af82-bb5860918378', '成功案例', null, '1', '2', '0');
INSERT INTO `menu` VALUES ('64acd018-9dcd-42d9-80ef-b57836b6bbd0', '解决方案', '', '1', '1', '0');
INSERT INTO `menu` VALUES ('70f0cdf9-afad-48fe-8171-50522d0bb78a', '河北银行', '308be74f-a418-4ea4-af82-bb5860918378', '2', '3', '1');
INSERT INTO `menu` VALUES ('75623b4a-d509-4dfd-b971-9d93167656d7', '中国电信', '308be74f-a418-4ea4-af82-bb5860918378', '2', '2', '1');
INSERT INTO `menu` VALUES ('759c4202-d393-4d3e-b911-148219ab94a7', '移动信贷审批解决方案', '64acd018-9dcd-42d9-80ef-b57836b6bbd0', '2', null, '1');
INSERT INTO `menu` VALUES ('763b7253-ebec-4759-a708-dd1052de14c7', '住房公积金手机服务系统解决方案', '64acd018-9dcd-42d9-80ef-b57836b6bbd0', '2', null, '1');
INSERT INTO `menu` VALUES ('795e8be9-cef1-40d1-b4f3-7ecbb7579aa0', '手机银行解决方案', '64acd018-9dcd-42d9-80ef-b57836b6bbd0', '2', null, '1');
INSERT INTO `menu` VALUES ('7a20094d-f94a-45ac-b5d0-85b3af85702f', '手机证券解决方案', '64acd018-9dcd-42d9-80ef-b57836b6bbd0', '2', null, '1');
INSERT INTO `menu` VALUES ('81a80951-7938-4dce-8e33-6904879708df', '加拿大商业银行', '308be74f-a418-4ea4-af82-bb5860918378', '0', '4', '0');
INSERT INTO `menu` VALUES ('821119d7-9cb4-48d6-9823-58f8db1fcf98', '合作伙伴', null, '1', '3', '1');
INSERT INTO `menu` VALUES ('956f6cc7-d0e3-4c17-8644-d4a5rt375eb3', '诚聘英才', null, '1', '4', '1');
INSERT INTO `menu` VALUES ('a8f05b9d-1685-4cf5-a5f5-8720077c2156', '关于我们', '', '1', '5', '0');
INSERT INTO `menu` VALUES ('f1513a8a-b968-4e6c-a3r7-7f540c04fe55', '公司资质', 'a8f05b9d-1685-4cf5-a5f5-8720077c2156', '2', '5', '1');
INSERT INTO `menu` VALUES ('f1513a8a-b968-4e6c-a8f7-7f330c04d245', '公司简介', 'a8f05b9d-1685-4cf5-a5f5-8720077c2156', '2', '1', '1');
INSERT INTO `menu` VALUES ('f1513a8a-b968-4e6c-a8f7-7f540c04d548', '公司LOGO', 'a8f05b9d-1685-4cf5-a5f5-8720077c2156', '2', '2', '1');
INSERT INTO `menu` VALUES ('f1513a8a-b968-4e6c-a8f7-7f540c04d555', '创业团队介绍', 'a8f05b9d-1685-4cf5-a5f5-8720077c2156', '2', '3', '1');
INSERT INTO `menu` VALUES ('f1513a8a-b968-4e6c-a8f7-7f540er45555', '高管团队分工', 'a8f05b9d-1685-4cf5-a5f5-8720077c2156', '2', '4', '1');
INSERT INTO `news` VALUES ('09223bce-f154-4707-a35a-09f46a03a325', '122', '<p><input type=\"image\" height=\"450\" width=\"247\" src=\"/argorse/userfiles/image/xp/2010-11-04_165755.jpg\" />xcvxcv<input type=\"image\" height=\"440\" width=\"410\" src=\"/argorse/userfiles/image/xp/2010-11-04_165716.jpg\" /></p>\r\n<p>&nbsp;</p>', '2010-11-05 09:31:08', '2010-11-05 15:10:01', 'default.jpg');
INSERT INTO `news` VALUES ('42369e87-4f41-405c-a138-2fbad2c7966b', '温家宝作十二五说明:调整收入分配呼声最强', '<p><strong>新京报10月29日报道</strong>&nbsp; 据新华社电&nbsp;新华社28日全文播发温家宝10月15日在十七届五中全会上所作的《关于制定国民经济和社会发展第十二个五年规划建议的说明》。《说明》指出，《建议》提出合理调整收入分配关系，这是群众呼声最强烈的问题。</p>\r\n<p>《说明》分五部分，分别是：关于&ldquo;十一五&rdquo;时期国民经济和社会发展的主要情况；关于&ldquo;十二五&rdquo;规划的指导思想和发展目标；关于&ldquo;十二五&rdquo;时期经济建设的主要任务；关于&ldquo;十二五&rdquo;发展社会事业和改善民生的主要任务；关于&ldquo;十二五&rdquo;深化改革和扩大开放的主要任务。</p>\r\n<p>《说明》指出，《建议》提出合理调整收入分配关系。这是群众呼声最强烈、全社会十分关注的问题。改革开放30多年来，我国收入分配制度不断完善，有力地促进了经济社会发展，同时也出现了收入分配差距扩大的问题。</p>', '2010-10-29 17:30:18', '2010-10-29 17:30:18', null);
INSERT INTO `news` VALUES ('54400c8b-4b58-4bef-bc88-f8e60ae2929c', '曝丹皮尔无限接近火箭', '<p>火箭此前就是众多追逐丹皮尔的球队之一，现在《篮筐世界》的另一位专家亚历克斯-肯尼迪在Twitter称火箭可能成为最终的赢家。肯尼迪说：&ldquo;具体交易尚没有进行，但是火箭将有望得到丹皮尔。姚明目前身背24分钟限时令，而与勇士的比赛，米勒仅仅出场3分钟。这些都意味着一些东西。&rdquo;</p>\r\n<p>包括热火、<a href=\"http://nba.sports.163.com/team/home/22.html\"><font color=\"#1e50a2\">雄鹿</font></a>、<a href=\"http://nba.sports.163.com/team/home/7.html\"><font color=\"#1e50a2\">开拓者</font></a>和太阳在内的球队都曾对前小牛中锋产生过兴趣。但是火箭提供的薪水最为诱人，据此前的消息是2年400万美元。</p>\r\n<p>新赛季姚明伤愈回归，但是他的出场时间被限制在每场24分钟之内，并且不会打背靠背比赛的第二场。目前火箭中锋的人选只有布拉德-米勒和乔丹-希尔。尽管米勒是个不错的球员，但是没有姚明出场，他也打不了48分钟。况且一旦他再受伤，那么火箭将彻底陷入内线麻烦。</p>\r\n<p>丹皮尔过去的六个赛季一直效力小牛，上赛季他出场55场，场均得到6分、7.3个篮板和1.4个盖帽。今年7月份他被送到山猫，之后被裁掉彻底成为自由球员</p>\r\n<p>尽管丹皮尔不是一个冠军拼版，但是他熟悉挡拆战术，这将有利于<a href=\"http://data.sports.163.com/athlete/home/0005000EBIIC.html\"><font color=\"#1e50a2\">阿德尔曼</font></a>的体系，帮助后卫们完成进攻。同时他的防守也有一定功力，盖帽能力仅仅比米勒差一点，但是比海耶斯更强壮，后者本赛季将更多被当作大前锋使用。</p>\r\n<p>由于目前火箭15人名单已经满了，要是签下丹皮尔就必须裁掉或者交易一人为他腾出空间。被取代的很可能就是伊斯<a href=\"http://data.sports.163.com/athlete/home/0005000E0HOb.html\"><font color=\"#1e50a2\">梅</font></a>尔-史密斯。他曾因为季前赛的出色表现征服火箭管理层，最后时刻进入球队名单。但是球队为了内线大计，很可能会放弃他。</p>\r\n<p>就在《篮筐世界》放出这一消息后，《Fanhouse》的专家萨姆-阿米克却在Twitter上发出不同的声音。他称目前丹皮尔火箭之间甚至尚未达成口头上的加盟约定，更不用说纸面上的一些细节谈判了。在正式签约之前，一切都不能轻易下定论。</p>', '2010-10-29 17:53:06', '2010-11-04 09:15:43', 'default.jpg');
INSERT INTO `news` VALUES ('798f3bca-f234-4e26-9f0d-89ef1de9cdac', '坚持正确政治方向才能实现富民强国', '<p><strong>人民网10月28日讯</strong> 党的十七届五中全会强调：&ldquo;坚持中国特色社会主义政治发展道路，坚持党的领导、人民当家作主、依法治国有机统一，积极稳妥推进政治体制改革，不断推进社会主义政治制度自我完善和发展。&rdquo;</p>\r\n<p>党在中国改革开放和社会主义现代化建设的关键时期反复重申这条政治道路的重要意义很有必要，非常符合中国的基本国情。它是从中国特色社会主义总体布局出发的重要战略部署，是我们党牢牢抓住历史机遇，奋力推进改革开放和社会主义现代化事业，全面建设小康目标的根本政治保证。</p>\r\n<p>纵观中国发展的历史，近代无数仁人志士在追求民主的道路上做过许多尝试，但最终都因不符合中国国情、不符合中国人民的根本利益而没有获得成功。事实证明，只有在中国共产党的领导下，广大人民赢得了国家政权，建立了社会主义政治制度，中国才真正实现了从延续数千年的专制政治向民主政治的历史性跨越。</p>\r\n<p>新中国成立60多年来，党始终坚持把发展社会主义民主政治作为一项重要的奋斗目标，改革开放初期，党就明确提出要推行改革和完善社会主义政治制度，全面推进包括政治体制改革在内的伟大变革。政治体制改革是政治主体适应社会发展需要，对政治体系、政治结构、政治机制进行有计划有步骤的变革，以调整政治关系，优化政治制度。政治体制与政治制度是层次不同的两个概念。政治体制改革对自身来说，是一场革命；对政治制度来说，是自我完善和发展。改革开放以来，我国政治发展的一项重要内容，就是积极稳妥地推进政治体制改革。</p>', '2010-10-29 17:36:52', '2010-10-29 17:36:52', null);
INSERT INTO `news` VALUES ('a7220341-7759-4243-a33c-a92197cd172b', '王晨:走科学发展之路 推动网络媒体建设', '<p><strong>新华网10月28日报道</strong></p>\r\n<p><strong>走科学发展之路 推动我国网络媒体建设迈上新台阶</strong></p>\r\n<p><strong>&mdash;&mdash;在第十届中国网络媒体论坛上的主旨演讲</strong></p>\r\n<p><strong>（2010年10月27日）</strong></p>\r\n<p><strong>王 晨</strong></p>\r\n<p>各位领导、各位代表、各位来宾：</p>\r\n<p>在金秋十月的美好季节，网络媒体业界同仁相聚虎踞龙盘之地，举行第十届中国网络媒体论坛。首先，我代表中共中央对外宣传办公室、国务院新闻办公室对此次论坛的举办表示热烈祝贺！对一年来大家的辛勤工作表示衷心感谢和问候！</p>\r\n<p>刚刚闭幕的党的十七届五中全会是在全面建设小康社会的关键时期，在深化改革开放、加快转变经济发展方式的攻坚时期召开的十分重要的会议。推动文化大发展大繁荣、提升国家文化软实力，是全会提出的一项重要任务。当前，互联网的发展和应用正处于一个新的快速扩张期，网络信息传播方式和传播格局发生新的变化，互联网新兴媒体建设和管理面临许多新课题。此次论坛以&ldquo;转变发展方式，提升传播能力&rdquo;为主题，显示了业界对自身发展面临挑战的关切，反映了业界对自身责任和使命的思考，体现了大家学习贯彻党的十七届五中全会精神的高度自觉。我相信，围绕这一主题深入探讨、广泛交流，有利于推动我国网络媒体健康有序发展，有利于促进我国网络文化的发展繁荣，有利于更好地发挥互联网在促进经济发展方式转变方面的重要作用。</p>\r\n<p>今年是网络媒体论坛创办十周年。十年来，在党中央、国务院的正确领导下，经过互联网业界和全社会的共同努力，我国互联网新兴媒体事业蓬勃发展，网络文化日益繁荣，出现了令人鼓舞的局面。一是网上主流舆论不断巩固壮大。重点新闻网站迅速崛起，成为网上舆论宣传的主阵地，主要商业网站快速发展，网络媒体在传播、壮大主流舆论，凝聚民族精神和力量，展示当代中国良好形象等方面，显示了强大的传播力、影响力，成为我国文化软实力的重要组成部分。二是网上社情民意得到充分重视。网络媒体为公众意见表达提供了便捷渠道，党和政府通过互联网了解民情、汇聚民智，执政为民、改进工作，互联网为党和政府实现人民意愿、满足人民需要、保护人民利益发挥着日益重要的作用。三是网上信息内容大大丰富。优秀民族文化在网上广泛传播，网络文化精品力作在网上不断涌现，网络音乐、网络游戏、网络动漫、网络影视等网络文化产业快速发展，有效满足了人们多样化、多层次、多方面的精神文化需求，有力促进了社会主义文化的大发展大繁荣。四是网络传播法制建设取得重要进展。专门立法和其他立法相结合，基本形成了具有中国特色、涵盖不同法律层级、覆盖互联网管理主要领域和主要环节的互联网法律法规体系，为依法办网、依法管网，保障网络信息安全提供了基本依据，标志着我国互联网建设和管理在法制化、规范化、科学化方面取得重大进展。五是网络环境不断净化。坚持依法规范网上信息传播秩序，坚持依靠业界和广大群众建设网络文明。在广泛开展文明办网、文明上网活动的同时，持续开展整治网上低俗信息、打击互联网和手机网站淫秽色情信息、打击网络赌博诈骗等专项行动，有效遏制了有害信息的传播，网络环境明显改善，受到社会各界好评。总体看，过去的十年，我国网络媒体建设和管理成绩显著，在服务党和国家工作大局中发挥了重要作用，在应对各种复杂情况中经受了严峻考验。</p>\r\n<p>十年的发展历程充分证明，要推动互联网新兴媒体健康发展、有序发展、又好又快发展，就必须自觉坚持中央制定的&ldquo;积极利用、科学发展、依法管理、确保安全&rdquo;的方针，牢牢把握网络媒体发展的正确方向；坚持社会主义先进文化前进方向，用科学思想和先进文化占领网络阵地；坚持重在建设，充分发挥互联网促进经济发展、推动社会进步、满足群众需求的重要作用；坚持一手抓发展、一手抓管理，规范市场秩序、保障公民权益、确保网络信息安全和国家利益；坚持把社会效益放在首位，努力使社会效益和经济效益相统一，切实履行社会责任；坚持从中国实际出发，借鉴各国有益经验，积极探索有中国特色的互联网发展道路。这些宝贵的经验和做法，我们应倍加珍惜，始终坚持，不断完善，推动网络媒体建设取得新进步。</p>\r\n<p>当前，互联网技术呈裂变式发展，信息传递和获取日益便捷，网络舆论对社会影响越来越大。准确把握互联网发展新的特点和趋势，对于推动我国网络媒体健康有序发展具有重要意义。具体说，当前互联网发展呈现出四个方面的新特点新趋势：一是互联网媒体化、大众化特点日益明显。互联网正从小众媒体、分众传播向大众传媒转变。目前，我国网民人数已达4.2亿，互联网普及率31.8%，按照有关&ldquo;媒体受众规模占人口总数20%即可称为大众媒体&rdquo;的国际通行说法，中国网络媒体已进入&ldquo;大众传媒时代&rdquo;，网络媒体成为我国新闻舆论的重要力量。互联网在满足人们信息需求的同时，网上庞杂海量的信息内容、纷繁复杂的文化生态、多元多样的价值取向，对人们的思想观念、行为方式产生着日益深刻的影响，这对网络媒体维护主流舆论、落实社会责任提出更高要求。二是互联网向经济社会渗透步伐加快。我国互联网的商务运用出现快速发展势头。去年，在国际金融危机背景下，我国网络经济仍保持快速增长，电子商务交易额超过3.6万亿元。有关部门预测，未来几年，中国电子商务还将保持年均35%以上的速度增长。目前，我国网络购物用户规模已超过1.4亿，越来越多的人借助互联网购物消费、接受服务。这些都表明，互联网正逐步深入到国民经济更深层次和更宽领域。同时，随着&ldquo;云计算&rdquo;和物联网的兴起，网络对于现实生活的渗透力日益强大，互联网对社会生活的影响无处不在、无时不在，互联网正从&ldquo;虚拟空间&rdquo;成为现实生活的重要组成部分。一方面，我们要大力推动互联网的开发利用，使我国互联网应用进一步从较单一的信息娱乐消费，向结构更加合理、发展更为均衡方向转变；另一方面，也迫切要求我们把网络空间纳入现实社会管理，大力推进网络文明诚信建设，使互联网在促进经济社会发展方面发挥更大作用。三是各种信息网络正加速融合。国家正采取积极措施推进&ldquo;三网融合&rdquo;，预计未来3至5年，中国互联网业将进入电脑、手机和电视&ldquo;三屏合一&rdquo;的全新时代。目前，我国正加快推进3G网络建设，不断推出新的应用，手机等移动终端正以强劲的态势引领互联网发展潮流，移动互联网与固网互联网加快融合，产业链快速整合，一个由电信运营商、移动终端提供商、网络设备提供商、信息内容服务提供商等组成的新的产业集群正在形成。目前，我国手机网民规模达到2.77亿，占网民总体规模的65.9%。如何适应信息网络加速融合的新趋势，为消费者提供更为多元、更加丰富、更有特色的网络文化产品和服务，是网络媒体面临的新课题。四是网上信息传播方式正发生新的变化。我国网络媒体的一个突出特点，就是网上互动规模大，参与人数多，各种服务应用丰富多彩，为人们分享知识、传递信息、交流沟通提供了广阔空间，为网民参与网上内容创造提供了重要平台。目前，互联网技术正面临从Web2.0向Web3.0升级转型，网络技术更新周期越来越短，新业务新业态层出不穷，博客、微博、社交网站等大量涌现；同时，随着移动互联网的快速发展，智能手机、手持阅读器、平版电脑等移动上网终端迅速普及。我国博客用户规模已达2.3亿，社交网站用户规模达2.1亿。理论上讲，目前我国7.5亿手机用户都有可能成为网民。微内容、极速性、多终端、个性化，成为网络信息传播新的突出特点，网上信息的获取、发布、利用、消费更加便捷。这将大大拓展网络信息的传播渠道，大大丰富网上信息内容，同时也要求我们切实规范网上信息传播秩序，确保网络信息安全。</p>\r\n<p>以上这些变化，既是加快网络媒体建设的新机遇，也给网络媒体发展管理带来新的挑战。我们要认真把握，有力应对，加快创新发展，不断提高我国网络媒体建设和管理水平。</p>\r\n<p>最近，胡锦涛总书记在中央政治局第22次集体学习发表重要讲话指出，&ldquo;推动文化建设和经济建设、政治建设、社会建设协调发展，已成为实现科学发展的必然要求&rdquo;，强调&ldquo;繁荣发展社会主义文化，不断增强我国文化软实力和国际竞争力&rdquo;。中央领导同志还多次强调，要加强互联网等新兴媒体建设和管理。我们要以胡锦涛总书记重要讲话和党的十七届五中全会精神为指导，更加自觉地把科学发展观作为加强建设、推动发展的根本指南，更加自觉地贯彻落实党和政府关于加强和改进互联网工作的一系列部署要求，更加自觉地走科学发展之路，推动网络媒体又好又快发展。</p>', '2010-10-29 17:51:42', '2010-10-29 17:51:42', 'default.jpg');
INSERT INTO `news` VALUES ('e53934d2-6356-4e4f-baba-20a548552490', '卫生部长否认血站利用无偿献血盈利', '<p><strong>东方网10月29日报道</strong>&nbsp; 卫生部部长陈竺上午接受媒体采访时表示，不存在利用市民无偿献血血站盈利的情况。</p>\r\n<p>为应对全国多地出现的血荒，卫生部上午开展无偿献血活动。卫生部部长陈竺、党组书记张茅、副部长尹力率先参加无偿献血。据了解，这已经是陈竺担任卫生部部长以来第三次无偿献血。</p>\r\n<p>上午8点刚过，党组书记张茅、副部长尹力就进行了献血前的检测。陈竺部长做完广播动员后，也来到设在卫生部大楼一层的采血检测点。</p>\r\n<p>面对众多记者的镜头，给陈竺部长做采血检测的两位护士显得有点紧张。部长笑着跟她们聊天，&quot;我两边（手臂）都献过血。&quot;通过采血检测后，陈竺、张茅和尹力一同走上停在卫生部大院内的献血车献血。</p>\r\n<p>据媒体报道，一些人对无偿献血存在误解，认为无偿献血有损身体健康，血站以无偿献血盈利，不愿意献血。</p>\r\n<p>陈竺上午接受媒体采访时表示，不存在利用市民无偿献血血站盈利的情况。血站将血液出售给医院的费用，是回收生产过程的成本。</p>\r\n<p>此外，采血技术有保障，公众也不用为献血安全担心。</p>\r\n<p>陈竺在献血活动前发表动员讲话时表示，卫生系统工作人员，特别是卫生部机关广大公务员应率先发挥带头和表率作用，积极参与献血，带动全社会树立救死扶伤的新风尚。</p>\r\n<p><strong>缺血原因</strong></p>\r\n<p><strong>临床用血需求远超献血量</strong></p>\r\n<p>记者从卫生部了解到，近几年我国临床用血量需求以10%-15%的速度快速增长。与此相比，当前我国人口献血量仅为0.84%，远远低于世界高收入国家的4.54%和中等收入国家的1.01%。</p>\r\n<p>统计数字显示，北京市手术血液需求量高速增长，平均每年以10%的速度递增，而今年1至9月，本市采血量增幅仅为2.9%，与需求量10%的增幅相比，还有相当大的缺口。</p>\r\n<p>北京市血液中心预测，2010年在北京做手术需要输血患者将达到78.8万人，明年这一数字将增长到88万人。刘江预计，2011年到2012年北京全年用血量将有较大增长，2012年手术用血患者将超过99万人，全年血液需求量将有可能突破100万单位。</p>\r\n<p><strong>投入不足采血屋规划不够合理</strong></p>\r\n<p>个别地方政府对无偿献血重视程度有所下降，投入不足，采血屋、采血点的建设、规划不够合理；无偿献血公益广告的投放、宣传报道、献血车的停放等方面还很迟缓。</p>\r\n<p>分析全国多地出现血荒的原因，卫生部部长陈竺上午接受本报记者采访时提出，&quot;我们的宣传工作需要加强。&quot;</p>\r\n<p>卫生部有关部门为此建议，教育和宣传部门应有计划地将无偿献血知识纳入教育和宣传&quot;十二五&quot;规划中，让社会形成广泛参与无偿献血的良好氛围。</p>\r\n<p><strong>街头流动献血比例高&quot;靠天吃饭&quot;明显</strong></p>\r\n<p>北京市血液中心主任刘江坦言，北京近几年来首次出现的采血旺季&quot;供血不足&quot;，主要还是因为降温惹的祸。</p>\r\n<p>前几日低温降雨，人们出行减少，使采血变得困难。血液中心九成的血液来自街头流动采血。</p>\r\n<p>这就使街头采血车的采血量常常受该采血点附近人流量、人群构成、季节、天气等因素的影响，比如天气突然变冷、变热，学生放假，外地民工回家秋收等，都会造成北京地区季节性供血不足。</p>\r\n<p>而过去的10天里，献血量同比减少了近30%-40%。手术用血需求有增无减，加之采血量下降，造成本市各个血型全面告急。</p>\r\n<p>过分依赖街头无偿献血，天气一变脸街头采血点当即门可罗雀。北京市血液中心工作人员无奈地表示，他们的采血工作只能&quot;靠天吃饭&quot;。</p>', '2010-10-29 17:35:00', '2010-10-29 17:35:00', null);
INSERT INTO `news` VALUES ('f57b81d2-6bce-4f3e-a948-98b75875bf4c', '卫生部部长陈竺上午接受媒体采访时表示', '<p><strong>人民网10月29日报道&nbsp; </strong>引起极大社会关注、被害人为目前国内已知拆迁命案中职务最高官员（区建委主任，管委会副主任公示期）的<a href=\"http://focus.news.163.com/10/0414/13/6480OTRQ00011SM9.html\"><font color=\"#1e50a2\">辽宁抚顺&ldquo;4&middot;8&rdquo;拆迁血案</font></a>（本报曾作深度报道），10月27日在抚顺市中级人民法院公开审理。</p>\r\n<p>今年4月8日，辽宁省抚顺高湾经济区建委主任王广良带领队伍和铲车到黎明特钢厂&ldquo;执法&rdquo;时，被钉子户杨义用尖刀刺死。这起因反抗强迁而引发的命案，被认为是继辽宁本溪张剑反逼迁杀人事件之后的又一&ldquo;以暴力对抗暴力&rdquo;的典型；又因被杀者为当地&ldquo;高官&rdquo;，更引外界对案件走向的关注。</p>\r\n<p>庭审现场辩论激烈。公诉人否认被害人王广良事发当天是去&ldquo;拆迁&rdquo;，并对被告人杨义控以故意杀人罪；被害方辩护律师更是当庭请求&ldquo;判处被告人死刑，立即执行&rdquo;，引起旁听席一阵嘘声；被告人辩护律师则认为，杨义并无蓄意杀人的主观故意，是在反抗暴力拆迁的自卫中一时激愤杀人，应定性为故意伤害致人死亡罪，并请求从轻处罚。</p>\r\n<p>现场爆发的另一次骚动，是在证人李春文（其独生儿子李玉亮4年前被逼迁者打死，本报曾作报道）出庭后，提及&ldquo;俺们家孩子被打死&rdquo;时，旁听者&ldquo;嗡&rdquo;地纷纷议论，公诉人当即制止李春文，不让说他自己的事，让问什么答什么。</p>\r\n<p>仅100多座位的旁听区站进了200多群众。另据记者了解，开庭当日，被害人王广良之妻并未到庭。</p>\r\n<p><strong>庭审披露血案诸多细节</strong></p>\r\n<p>现年36岁的杨义，初中文化。10月27日上午9点30分，当身高约为1.8米，短寸头，身穿紫红色看守所囚服的杨义被押上被告席时，旁听群众纷纷站起，争睹这个当地最著名的&ldquo;凶手&rdquo;。整个庭审杨义面部表情平静，只在休庭起身时，回头找到坐在旁听席上的亲属，并示以微笑。</p>\r\n<p>随着庭审的展开，这起半年前曾轰动全国的拆迁血案某些细节得以披露。</p>\r\n<p>公诉人称，经抚顺市公安局侦查查明：杨义于2010年4月8日9时许，在位于抚顺市高湾金地家园小区7号楼3单元501室的家中接到其弟妹王艳秋电话后，通过窗户看见有许多人在其家楼下，认为系要对其弟弟杨勇经营的黎明特钢厂进行强制拆迁，遂携带两把尖刀来到黎明特钢厂，在厂前空地见到来该厂进行资产交接工作的抚顺市经济开发区高湾经济区管委会工作人员、被害人王广良（男，卒年45岁），杨义让其离开该厂，王广良对其不予理睬，杨义遂上前用左手搂住王的颈部，右手持一把随身携带的尖刀照王的胸部猛刺数刀，致王当场倒地，随后又将上前制止其的被害人朱玉斌左手刺伤，后杨义被其他在场的工作人员制服。</p>\r\n<p>王广良被送往医院经抢救无效死亡。经法医鉴定：王系被带刃刺器刺扎右胸部，造成右肺破裂，心脏主动脉根部破裂导致大失血而死亡。朱玉斌的左手为轻微伤。</p>\r\n<p>北京市中鸿律师事务所律师乔羽为被告人杨义的辩护人，他当庭质证，认为检方起诉书&ldquo;遗漏&rdquo;了杨义行凶前的重要情节&mdash;&mdash;&ldquo;暴力拆迁&rdquo;的&ldquo;前奏&rdquo;部分，而这与本案有直接关联。</p>\r\n<p>乔羽称，经律师调查，事发前半小时左右，高湾经济区管委会组织的一支50多人的拆迁队伍已进入黎明特钢厂，准备实施强制拆迁。撵走了4名工人，并闯入厂内居室，将被告人弟弟杨勇及弟媳王艳秋和岳父暴力拖入随行的面包车，在此过程中，杨勇被殴打致伤。王艳秋情急之下给杨义打了电话：&ldquo;哥，他们来人了，你快下来！&rdquo;</p>\r\n<p>杨义接杨艳秋电话后从所住5楼窗户向楼下看去，能清晰俯瞰整个工厂，院门口、院内50多人，有的穿制服，有的头戴钢盔，还停着推土机、面包车等。杨义随后下楼从后门进入厂内，并在一间办公室工具箱取出两把平时用来杀兔、杀羊的剔骨刀。此时工厂已清场准备强拆，就捅了看上去像个指挥强迁的人，而此前杨义和王广良并不认识。</p>\r\n<p><strong>群众联名请求法官轻判</strong></p>\r\n<p>10月27日，杨义案庭审完后，大批当地群众围在法院门前展示联合签名。联名信内容为：尊敬的法官：我们是抚顺市的公民，我们证明：抚顺高湾区的杨义家没有得到分文拆迁补偿款、在违法的暴力拆迁逼迫情况下，杨义情绪义愤激动后用刀捅了组织暴力拆迁的人。我们一致联名请求法官考虑违法暴力拆迁的起因，对杨义给予从轻判处。</p>\r\n<p>为表示签名的真实性，许多人留下了电话号码。</p>\r\n<p>此案审理后未当庭宣判。杨义在做最后陈述时表达悔意并向被害人致歉：&ldquo;因为我的过错导致被害人死亡，对不起他。&rdquo;&ldquo;不是我本意，我是想制止他们拆迁的行为，没想杀死他。&rdquo;</p>', '2010-10-29 17:36:04', '2010-10-29 17:40:57', 'default.jpg');
INSERT INTO `product` VALUES ('30528ded-0619-4e6b-bceb-cb1fad781bb6', '银信通账户卫士系统', '<table class=\"table\" align=\"left\">\r\n    <tbody>\r\n        <tr>\r\n            <th class=\"th\" colspan=\"2\">银信通账户卫士系统</th>\r\n        </tr>\r\n        <tr>\r\n            <td class=\"td\" align=\"left\">什么是银信通账户卫士？</td>\r\n        </tr>\r\n        <tr>\r\n            <td align=\"left\">\r\n            <p>&nbsp;&nbsp;&nbsp;&nbsp;&nbsp;&nbsp;&nbsp;银信通账户卫士是中国移动联合各银行为银行用户提供的账户卫士服务。开通银信通账户卫士服务后，每当用户网银账户的资金减少时， 网银系统先暂停交易；远程启动用户手机上的银信通账户卫士客户端；请求用户对交易进行确认；收到用户的&ldquo;电子身份证&rdquo;确认结果后，再完成交易 。从而有效防止网银账户被欺诈。</p>\r\n            </td>\r\n        </tr>\r\n        <tr>\r\n            <td class=\"td\" align=\"left\">银信通账户卫士系统为银行和用户带来什么？</td>\r\n        </tr>\r\n        <tr>\r\n            <td align=\"left\">\r\n            <p>&nbsp;&nbsp;&nbsp;&nbsp;&nbsp;&nbsp;&nbsp;银信通账户卫士系统采用了迄今为止安全级别最高的网银安全防护技术。 银行采用银信通账户卫士服务后，能够有效防止日益严重的网银欺诈，从而增强用户对网银业务&ldquo;黏着度&rdquo;，降低银行的运营成本，最终提高用户对银行 的满意度。用户使用银信通账户防欺诈服务后，会消除对&ldquo;网银大盗&rdquo;的恐惧，从而轻松享受网上银行带来的便捷。</p>\r\n            </td>\r\n        </tr>\r\n        <tr>\r\n            <td class=\"td\" align=\"left\">银信通账户卫士系统的特点</td>\r\n        </tr>\r\n        <tr>\r\n            <td align=\"left\">\r\n            <ol>\r\n                <li>安全性高<br />\r\n                与现有的网银防欺诈方式相比，银信通账户卫士具有更高的安全级别。 因为银信通账户卫士采用了&ldquo;独立双通道&rdquo;安全机制－由互联网发起网银业务及账户鉴权、由网银用户的移动终端完成对业务的最终批准。黑客即使 得到用户的卡号和密码或者用木马控制了用户的电脑，无法同时攻击账户拥有者的手机，网银账户得到彻底的保护。</li>\r\n                <li>使用方便<br />\r\n                需要用户确认时，手机上的防欺诈客户端自动启动，用户不需要任何输入，只需要按一个键即可完成对交易的确认或拒绝。</li>\r\n                <li>容易推广<br />\r\n                银信通账户卫士系统符合用户的安全心理和使用习惯。</li>\r\n            </ol>\r\n            </td>\r\n        </tr>\r\n        <tr>\r\n            <td class=\"td\" align=\"left\">银信通账户卫士系统的使用方法</td>\r\n        </tr>\r\n        <tr>\r\n            <td align=\"left\">用户确认正常网银交易\r\n            <ol>\r\n                <li>用户使用网上银行进行转账或支付</li>\r\n                <li>网银系统暂停交易；远程启动用户手机上的账户卫士客户端；请求用 户确认交易</li>\r\n                <li>账户卫士客户端启动，显示确认请求。</li>\r\n                <li>用户对交易进行确认。</li>\r\n                <li>完成交易</li>\r\n            </ol>\r\n            </td>\r\n        </tr>\r\n    </tbody>\r\n</table>', '2010-11-02 18:18:48', '2010-11-05 10:23:37', '10121314zgyd.jpg');
INSERT INTO `product` VALUES ('802f57ca-f236-4e3e-a07c-71970c2fdc8d', '移动订单支付系统', '<p>\r\n<table class=\"table\">\r\n    <tbody>\r\n        <tr>\r\n            <th class=\"th\" colspan=\"2\">移动订单支付系统</th>\r\n        </tr>\r\n        <tr>\r\n            <td class=\"td\" align=\"left\">什么是移动订单支付系统？</td>\r\n        </tr>\r\n        <tr>\r\n            <td align=\"left\">\r\n            <p class=\"text3\">&nbsp;&nbsp;&nbsp;&nbsp;&nbsp;&nbsp;&nbsp;&ldquo;移动订单支付系统&rdquo;是一种全新的移动电子支付系统，能从根本上解决现阶段移动支付行业性难题。目前的移动支付解决方案主要是主动支付，且以小额支付为主，而订单支付（被动支付）的方式在支付需求中所占的比例超过三分之二，本系统通过采用国际最先进的PUSH技术实现了订单支付，同时支持大额支付，并且嵌入了1024位的数字证书，本系统技术水平达到了国际领先水平。&ldquo;移动订单支付系统&rdquo;将用户的一个或多个银行账户与手机绑定，可随时随地根据需要用手机进行支付，为用户提供安全、便捷、时尚的支付手段。亚格斯是&ldquo;移动订单支付&rdquo;的技术方案供应商，为用户打造国际领先的移动支付平台。</p>\r\n            </td>\r\n        </tr>\r\n        <tr>\r\n            <td class=\"td\" align=\"left\">移动订单支付系统能为用户带来什么？</td>\r\n        </tr>\r\n        <tr>\r\n            <td align=\"left\">\r\n            <p class=\"text3\">&nbsp;&nbsp;&nbsp;&nbsp;&nbsp;&nbsp;&nbsp;&ldquo;移动订单支付系统&rdquo;突破了现有的移动支付和安全模式，采用了迄今为止安全级别最高的1024位非对称密钥加密机制，数字签名，PKI，J2EE，PUSH，OTA等跨多个领域的国际最先进的技术，这些技术均为国际最新的、领先的电子商务、互联网、信息安全及移动数据通信技术，为用户打造顶级的移动订单支付平台。<br />\r\n            &nbsp;&nbsp;&nbsp;&nbsp;&nbsp;&nbsp;&nbsp;用户可以通过自己的手机进行&ldquo;一键式&rdquo;支付确认，轻松完成各种支付。</p>\r\n            </td>\r\n        </tr>\r\n        <tr>\r\n            <td class=\"td\" align=\"left\">移动订单支付系统的特点</td>\r\n        </tr>\r\n        <tr>\r\n            <td class=\"text3\" align=\"left\">\r\n            <ol>\r\n                <li>安全性高<br />\r\n                移动订单支付系统的安全性远远超过其他电子支付系统，因为移动订单支付系统应用了 &ldquo;电子身份证&rdquo;来验证用户的身份，保证了交易的安全。在交易信息传递过程，采用了专用加密算法，防止被黑客截获。 在整个交易过程中，用户只需要操作自己的手机就能完成支付，商家无法得到任何关于用户银行账户的信息。如果手机被他人使用或丢失，对方无法获知移动订单支付系统绑定的银行卡密码也就无法用该手机进行支付。</li>\r\n                <li>使用方便<br />\r\n                用户使用移动订单支付系统进行交易时没有太多复杂的操作手续，在选择移动订单支付后，当手机上显示支付信息，用户输入绑定的银行卡密码，按&ldquo;支付&rdquo;键就能完成交易。</li>\r\n                <li>应用广泛<br />\r\n                由于支付和业务的紧密结合，所有的电子账单、网上购物、电话购物、手机购物、商场购物都可以使用移动订单支付系统进行支付。</li>\r\n                <li>终端兼容性好<br />\r\n                移动订单支付系统通过采用JSON数据交换格式解决了不同手机操作系统的UI统一表现问题，通过动态生成Jad技术和J2ME高级UI解决了Java手机平台兼容性问题。对于目前市面上主流品牌的手机，移动订单支付系统都能支持。</li>\r\n                <li>容易集成<br />\r\n                银行业务系统与移动订单支付系统集成时，不需要做任何结构性改变。</li>\r\n            </ol>\r\n            </td>\r\n        </tr>\r\n        <tr>\r\n            <td class=\"td\" align=\"left\">移动订单支付系统的使用方法</td>\r\n        </tr>\r\n        <tr>\r\n            <td class=\"text3\" align=\"left\">&nbsp;&nbsp;&nbsp;&nbsp;&nbsp;&nbsp;&nbsp; 日常生活中，&ldquo;移动订单支付系统&rdquo;的应用范围非常广泛。所有的网上购物、电话购物、手机购物、电子账单、商场购物都可以使用&ldquo;移动订单支付系统&rdquo;进行支付，并完全可以取代信用卡、银行卡、现金等其它支付方式。具体使用方法如下：<br />\r\n            &nbsp;&nbsp;&nbsp;&nbsp;&nbsp;&nbsp;&nbsp; 例一（网上购物）：A先生要通过商家的网上商城购买一本书，选定购买的书籍后，选择移动订单支付，并输入手机号码。输入以上内容后，A先生的手机收到支付信息，核对信息后输入移动订单支付系统绑定的银行卡密码，按右下角&ldquo;支付&rdquo;键完成交易。<br />\r\n            &nbsp;&nbsp;&nbsp;&nbsp;&nbsp;&nbsp;&nbsp;例二（电话购物）：B先生要通过电话订购一张机票，告诉对方机票的基本信息并选择移动订单支付后，B先生的手机收到支付信息，核对信息后输入移动订单支付系统绑定的银行卡密码，按右下角&ldquo;支付&rdquo;键完成交易。<br />\r\n            &nbsp;&nbsp;&nbsp;&nbsp;&nbsp;&nbsp;&nbsp; 例三（电子账单）：C先生收到水费电子账单时，手机同时提示他是否选择移动订单支付，如果选择，C先生的手机收到支付信息，核对信息后输入移动订单支付系统绑定的银行卡密码，按右下角&ldquo;支付&rdquo;键完成交易。<br />\r\n            &nbsp;&nbsp;&nbsp;&nbsp;&nbsp;&nbsp;&nbsp; 例四（商场购物）：D先生要去商场买一件衣服，结账时告诉收银人员选择移动订单支付后，D先生的手机收到支付信息，核对信息后输入移动订单支付系统绑定的银行卡密码，按&ldquo;支付&rdquo;键完成交易。<br />\r\n            &nbsp;&nbsp;&nbsp;&nbsp;&nbsp;&nbsp;&nbsp; 例五（手机购物）：E先生用手机购买商家的游戏点卡，通过WAP商城选定后选择移动订单支付，E先生的手机收到支付信息，核对信息后输入移动订单支付系统绑定的银行卡密码，按&ldquo;支付&rdquo;键完成交易。<br />\r\n            &nbsp;</td>\r\n        </tr>\r\n    </tbody>\r\n</table>\r\n</p>', '2010-11-02 18:14:43', '2010-11-04 08:56:30', '1.jpg');
INSERT INTO `product` VALUES ('9f0e9dca-14ce-49f3-ae78-fea12649d279', '易安策TM手机证券系统', '<table class=\"table\" align=\"left\">\r\n    <tbody>\r\n        <tr>\r\n            <th class=\"th\" colspan=\"2\">易安策<sup>TM</sup>手机证券系统</th>\r\n        </tr>\r\n        <tr>\r\n            <td class=\"td\" align=\"left\">什么是易安策<sup>TM</sup>手机证券？</td>\r\n        </tr>\r\n        <tr>\r\n            <td align=\"left\">\r\n            <p>&nbsp;&nbsp;&nbsp;&nbsp;&nbsp;&nbsp;&nbsp;易安策手机证券是亚格斯联合中国移动、中国电信和中国联通为证券公司提供的全新模式的证券应用服务，内容包括：实时行情、在线交易以及专业的股市资讯，方便用户随时随地把握证券市场脉搏。易安策手机证券系统采用了迄今为止安全级别最高的安全防护技术和创新的业务服务模式。</p>\r\n            </td>\r\n        </tr>\r\n        <tr>\r\n            <td class=\"td\" align=\"left\">产品特点：</td>\r\n        </tr>\r\n        <tr>\r\n            <td align=\"left\">\r\n            <ol>\r\n                <li>操作简单：通过手机获取行情、交易、资讯等系列证券应用服务，操作和在证券营业部一致，简单易用。</li>\r\n                <li>支持多款手机：基于Kjava、Symbian、Windows Mobile、BlackBerry等平台的手机终端都支持手机证券业务。</li>\r\n                <li>多券商支持：支持多家券商交易，可以选择指定交易的券商，进行在线证券交易。</li>\r\n                <li>实时行情：支持K线、分时走势、报价等实时行情显示，速度和电脑炒股一样快。</li>\r\n                <li>资讯丰富：提供即时、丰富的综合资讯和品牌资讯，包括专业的宏观资讯和个股资讯信息。</li>\r\n                <li>突破地域限制：移动炒股，GPRS、CDMA 1X信号覆盖的地方都能使用。</li>\r\n            </ol>\r\n            </td>\r\n        </tr>\r\n    </tbody>\r\n</table>', '2010-11-02 17:48:50', '2010-11-04 08:57:13', '1.jpg');
INSERT INTO `product` VALUES ('bcca91e1-3c62-4f40-b2de-d56f009bffcb', '易安策TM手机银行系统', '<table class=\"table\" align=\"left\">\r\n    <tbody>\r\n        <tr>\r\n            <th class=\"th\" colspan=\"2\">易安策<sup>TM</sup>手机银行系统</th>\r\n        </tr>\r\n        <tr>\r\n            <td class=\"td\" align=\"left\">什么是易安策<sup>TM</sup>手机银行系统？</td>\r\n        </tr>\r\n        <tr>\r\n            <td align=\"left\">\r\n            <p>&nbsp;&nbsp;&nbsp;&nbsp;&nbsp;&nbsp;&nbsp; 随着国内三大运营商3G业务的正式商用、移动互联网的蓬勃发展，以及手机终端硬件和软件平台逐步走向成熟，手机银行正成为银行业务的重要组成部分。手机银行作为银行一种崭新的服务渠道，具有随时、随地、方便、时尚的特点，为银行业务提供了良好的手机渠道支撑，成为银行的&ldquo;空中营业厅&rdquo;。 易安策TM手机银行是亚格斯公司采用金融、移动通信和安全等多种高新技术，利用Msafe平台为银行客户量身设计的安全易用的手机银行系统。易安策TM手机银行通过手机客户端方式实现对账户的操作，使客户可以在手机渠道上办理银行金融业务。在安全方面，易安策TM手机银行采用了1024位的手机数字证书，保证手机银行业务的安全性。</p>\r\n            </td>\r\n        </tr>\r\n        <tr>\r\n            <td class=\"td\" align=\"left\">产品特点：</td>\r\n        </tr>\r\n        <tr>\r\n            <td align=\"left\">\r\n            <ol>\r\n                <li>以手机客户端形式为用户提供界面友好、易于使用的手机银行服务；客户端支持多个应用平台（J2ME、Windows Mobile、iPhone、Brew、Android），支持移动、联通、电信三家运营商手机，支持2.5和3G网络。</li>\r\n                <li>采用了1024位的手机数字证书，保证手机银行业务的安全性；</li>\r\n                <li>功能强大，可以完全覆盖网上银行功能。</li>\r\n            </ol>\r\n            </td>\r\n        </tr>\r\n        <tr>\r\n            <td class=\"td\" align=\"left\">效益：</td>\r\n        </tr>\r\n        <tr>\r\n            <td align=\"left\">\r\n            <ol>\r\n                <li>延长银行的服务时间；</li>\r\n                <li>扩大银行的服务范围；</li>\r\n                <li>解决银行排队办理业务等候时间长的问题，减少用户抱怨；</li>\r\n                <li>节省银行柜台资源，减少银行营运成本。</li>\r\n            </ol>\r\n            </td>\r\n        </tr>\r\n    </tbody>\r\n</table>', '2010-11-02 17:49:10', '2010-11-04 08:56:56', '1.jpg');
